id,name,model_id:id,group_id:id,perm_read,perm_write,perm_create,perm_unlink
access_gym_objetivos,gym.objetivos,model_gym_objetivos,,1,1,1,1
access_gym_disponibilidad,gym.disponibilidad,model_gym_disponibilidad,,1,1,1,1
access_gym_clases,gym.clases,model_gym_clases,,1,1,1,1
access_gym_pagos_clases,gym.pagos.clases,model_gym_pagos_clases,,1,1,1,1
access_gym_progreso,gym.progreso,model_gym_progreso,,1,1,1,1
access_gym_nutricion,gym.nutricion,model_gym_nutricion,,1,1,1,1
access_gym_facturacion,gym.facturacion,model_gym_facturacion,,1,1,1,1
access_gym_clientes,gym.clientes,model_gym_clientes,,1,1,1,1
